m,n,k,threads,shared_bytes,register_bytes,legal,rejection_reasons,D_H,D_S,D_R,c_H,c_S,c_R,c_P,flow_tiles_per_s,analytical_tiles_per_s,output_elements_per_s,bottlenecks
32,32,1,1024,256,32768,True,[],69632,1146880,6430720,1436121.3235294118,871930.8035714285,311007.16560509556,381469.7265625,311007.16560509556,311007.16560509556,318471337.57961786,"[""R""]"
32,32,8,1024,2048,32768,True,[],69632,1146880,6430720,1436121.3235294118,871930.8035714285,311007.16560509556,381469.7265625,311007.16560509556,311007.16560509556,318471337.57961786,"[""R""]"
32,32,32,1024,8192,32768,True,[],69632,1146880,6430720,1436121.3235294118,871930.8035714285,311007.16560509556,381469.7265625,311007.16560509556,311007.16560509556,318471337.57961786,"[""R""]"
32,32,128,1024,32768,32768,True,[],69632,1146880,6430720,1436121.3235294118,871930.8035714285,311007.16560509556,381469.7265625,311007.16560509556,311007.16560509556,318471337.57961786,"[""R""]"
16,64,1,1024,320,32768,True,[],86016,1163264,6463488,1162574.4047619049,859650.088028169,309430.44993662863,381469.7265625,309430.44993662863,309430.44993662863,316856780.7351077,"[""R""]"
16,64,8,1024,2560,32768,True,[],86016,1163264,6463488,1162574.4047619049,859650.088028169,309430.44993662863,381469.7265625,309430.44993662863,309430.44993662863,316856780.7351077,"[""R""]"
16,64,32,1024,10240,32768,True,[],86016,1163264,6463488,1162574.4047619049,859650.088028169,309430.44993662863,381469.7265625,309430.44993662863,309430.44993662863,316856780.7351077,"[""R""]"
16,64,128,1024,40960,32768,True,[],86016,1163264,6463488,1162574.4047619049,859650.088028169,309430.44993662863,381469.7265625,309430.44993662863,309430.44993662863,316856780.7351077,"[""R""]"
16,32,1,512,192,16384,True,[],51200,589824,3248128,1953125.0,1695421.0069444445,615739.2812105927,762939.453125,615739.2812105927,615739.2812105927,315258511.97982347,"[""R""]"
16,32,8,512,1536,16384,True,[],51200,589824,3248128,1953125.0,1695421.0069444445,615739.2812105927,762939.453125,615739.2812105927,615739.2812105927,315258511.97982347,"[""R""]"
16,32,32,512,6144,16384,True,[],51200,589824,3248128,1953125.0,1695421.0069444445,615739.2812105927,762939.453125,615739.2812105927,615739.2812105927,315258511.97982347,"[""R""]"
16,32,128,512,24576,16384,True,[],51200,589824,3248128,1953125.0,1695421.0069444445,615739.2812105927,762939.453125,615739.2812105927,615739.2812105927,315258511.97982347,"[""R""]"
16,32,256,512,49152,16384,True,[],51200,589824,3248128,1953125.0,1695421.0069444445,615739.2812105927,762939.453125,615739.2812105927,615739.2812105927,315258511.97982347,"[""R""]"
8,128,1,1024,544,32768,True,[],143360,1220608,6578176,697544.6428571428,819263.8422818792,304035.6475716065,381469.7265625,304035.6475716065,304035.6475716065,311332503.11332506,"[""R""]"
8,128,8,1024,4352,32768,True,[],143360,1220608,6578176,697544.6428571428,819263.8422818792,304035.6475716065,381469.7265625,304035.6475716065,304035.6475716065,311332503.11332506,"[""R""]"
8,128,32,1024,17408,32768,True,[],143360,1220608,6578176,697544.6428571428,819263.8422818792,304035.6475716065,381469.7265625,304035.6475716065,304035.6475716065,311332503.11332506,"[""R""]"
8,64,1,512,288,16384,True,[],75776,614400,3297280,1319679.054054054,1627604.1666666667,606560.5590062112,762939.453125,606560.5590062112,606560.5590062112,310559006.21118015,"[""R""]"
8,64,8,512,2304,16384,True,[],75776,614400,3297280,1319679.054054054,1627604.1666666667,606560.5590062112,762939.453125,606560.5590062112,606560.5590062112,310559006.21118015,"[""R""]"
8,64,32,512,9216,16384,True,[],75776,614400,3297280,1319679.054054054,1627604.1666666667,606560.5590062112,762939.453125,606560.5590062112,606560.5590062112,310559006.21118015,"[""R""]"
8,64,128,512,36864,16384,True,[],75776,614400,3297280,1319679.054054054,1627604.1666666667,606560.5590062112,762939.453125,606560.5590062112,606560.5590062112,310559006.21118015,"[""R""]"
8,32,1,256,160,8192,True,[],41984,311296,1656832,2381859.7560975607,3212376.6447368423,1207122.9913473425,1525878.90625,1207122.9913473425,1207122.9913473425,309023485.7849197,"[""R""]"
8,32,8,256,1280,8192,True,[],41984,311296,1656832,2381859.7560975607,3212376.6447368423,1207122.9913473425,1525878.90625,1207122.9913473425,1207122.9913473425,309023485.7849197,"[""R""]"
8,32,32,256,5120,8192,True,[],41984,311296,1656832,2381859.7560975607,3212376.6447368423,1207122.9913473425,1525878.90625,1207122.9913473425,1207122.9913473425,309023485.7849197,"[""R""]"
8,32,128,256,20480,8192,True,[],41984,311296,1656832,2381859.7560975607,3212376.6447368423,1207122.9913473425,1525878.90625,1207122.9913473425,1207122.9913473425,309023485.7849197,"[""R""]"
8,32,256,256,40960,8192,True,[],41984,311296,1656832,2381859.7560975607,3212376.6447368423,1207122.9913473425,1525878.90625,1207122.9913473425,1207122.9913473425,309023485.7849197,"[""R""]"
4,128,1,512,528,16384,True,[],137216,675840,3420160,728777.9850746269,1479640.1515151516,584767.9640718562,762939.453125,584767.9640718562,584767.9640718562,299401197.6047904,"[""R""]"
4,128,8,512,4224,16384,True,[],137216,675840,3420160,728777.9850746269,1479640.1515151516,584767.9640718562,762939.453125,584767.9640718562,584767.9640718562,299401197.6047904,"[""R""]"
4,128,32,512,16896,16384,True,[],137216,675840,3420160,728777.9850746269,1479640.1515151516,584767.9640718562,762939.453125,584767.9640718562,584767.9640718562,299401197.6047904,"[""R""]"
4,64,1,256,272,8192,True,[],70656,339968,1714176,1415307.9710144927,2941453.313253012,1166741.3381123058,1525878.90625,1166741.3381123058,1166741.3381123058,298685782.5567503,"[""R""]"
4,64,8,256,2176,8192,True,[],70656,339968,1714176,1415307.9710144927,2941453.313253012,1166741.3381123058,1525878.90625,1166741.3381123058,1166741.3381123058,298685782.5567503,"[""R""]"
4,64,32,256,8704,8192,True,[],70656,339968,1714176,1415307.9710144927,2941453.313253012,1166741.3381123058,1525878.90625,1166741.3381123058,1166741.3381123058,298685782.5567503,"[""R""]"
4,64,128,256,34816,8192,True,[],70656,339968,1714176,1415307.9710144927,2941453.313253012,1166741.3381123058,1525878.90625,1166741.3381123058,1166741.3381123058,298685782.5567503,"[""R""]"
4,32,1,128,144,4096,True,[],37376,172032,861184,2675513.698630137,5812872.023809524,2322384.066587396,3051757.8125,2322384.066587396,2322384.066587396,297265160.5231867,"[""R""]"
4,32,8,128,1152,4096,True,[],37376,172032,861184,2675513.698630137,5812872.023809524,2322384.066587396,3051757.8125,2322384.066587396,2322384.066587396,297265160.5231867,"[""R""]"
4,32,32,128,4608,4096,True,[],37376,172032,861184,2675513.698630137,5812872.023809524,2322384.066587396,3051757.8125,2322384.066587396,2322384.066587396,297265160.5231867,"[""R""]"
4,32,128,128,18432,4096,True,[],37376,172032,861184,2675513.698630137,5812872.023809524,2322384.066587396,3051757.8125,2322384.066587396,2322384.066587396,297265160.5231867,"[""R""]"
4,32,256,128,36864,4096,True,[],37376,172032,861184,2675513.698630137,5812872.023809524,2322384.066587396,3051757.8125,2322384.066587396,2322384.066587396,297265160.5231867,"[""R""]"
4,64,256,256,69632,8192,False,"[""shared_bytes exceeds S""]",,,,,,,,,,,
4,128,128,512,67584,16384,False,"[""shared_bytes exceeds S""]",,,,,,,,,,,
4,128,256,512,135168,16384,False,"[""shared_bytes exceeds S""]",,,,,,,,,,,
8,64,256,512,73728,16384,False,"[""shared_bytes exceeds S""]",,,,,,,,,,,
8,128,128,1024,69632,32768,False,"[""shared_bytes exceeds S""]",,,,,,,,,,,
8,128,256,1024,139264,32768,False,"[""shared_bytes exceeds S""]",,,,,,,,,,,
16,64,256,1024,81920,32768,False,"[""shared_bytes exceeds S""]",,,,,,,,,,,
16,128,1,2048,576,65536,False,"[""threads exceeds T""]",,,,,,,,,,,
16,128,8,2048,4608,65536,False,"[""threads exceeds T""]",,,,,,,,,,,
16,128,32,2048,18432,65536,False,"[""threads exceeds T""]",,,,,,,,,,,
16,128,128,2048,73728,65536,False,"[""threads exceeds T"", ""shared_bytes exceeds S""]",,,,,,,,,,,
16,128,256,2048,147456,65536,False,"[""threads exceeds T"", ""shared_bytes exceeds S""]",,,,,,,,,,,
32,32,256,1024,65536,32768,False,"[""shared_bytes exceeds S""]",,,,,,,,,,,
32,64,1,2048,384,65536,False,"[""threads exceeds T""]",,,,,,,,,,,
32,64,8,2048,3072,65536,False,"[""threads exceeds T""]",,,,,,,,,,,
32,64,32,2048,12288,65536,False,"[""threads exceeds T""]",,,,,,,,,,,
32,64,128,2048,49152,65536,False,"[""threads exceeds T""]",,,,,,,,,,,
32,64,256,2048,98304,65536,False,"[""threads exceeds T"", ""shared_bytes exceeds S""]",,,,,,,,,,,
32,128,1,4096,640,131072,False,"[""threads exceeds T"", ""register_bytes exceeds R""]",,,,,,,,,,,
32,128,8,4096,5120,131072,False,"[""threads exceeds T"", ""register_bytes exceeds R""]",,,,,,,,,,,
32,128,32,4096,20480,131072,False,"[""threads exceeds T"", ""register_bytes exceeds R""]",,,,,,,,,,,
32,128,128,4096,81920,131072,False,"[""threads exceeds T"", ""shared_bytes exceeds S"", ""register_bytes exceeds R""]",,,,,,,,,,,
32,128,256,4096,163840,131072,False,"[""threads exceeds T"", ""shared_bytes exceeds S"", ""register_bytes exceeds R""]",,,,,,,,,,,
64,32,1,2048,384,65536,False,"[""threads exceeds T""]",,,,,,,,,,,
64,32,8,2048,3072,65536,False,"[""threads exceeds T""]",,,,,,,,,,,
64,32,32,2048,12288,65536,False,"[""threads exceeds T""]",,,,,,,,,,,
64,32,128,2048,49152,65536,False,"[""threads exceeds T""]",,,,,,,,,,,
64,32,256,2048,98304,65536,False,"[""threads exceeds T"", ""shared_bytes exceeds S""]",,,,,,,,,,,
64,64,1,4096,512,131072,False,"[""threads exceeds T"", ""register_bytes exceeds R""]",,,,,,,,,,,
64,64,8,4096,4096,131072,False,"[""threads exceeds T"", ""register_bytes exceeds R""]",,,,,,,,,,,
64,64,32,4096,16384,131072,False,"[""threads exceeds T"", ""register_bytes exceeds R""]",,,,,,,,,,,
64,64,128,4096,65536,131072,False,"[""threads exceeds T"", ""shared_bytes exceeds S"", ""register_bytes exceeds R""]",,,,,,,,,,,
64,64,256,4096,131072,131072,False,"[""threads exceeds T"", ""shared_bytes exceeds S"", ""register_bytes exceeds R""]",,,,,,,,,,,
64,128,1,8192,768,262144,False,"[""threads exceeds T"", ""register_bytes exceeds R""]",,,,,,,,,,,
64,128,8,8192,6144,262144,False,"[""threads exceeds T"", ""register_bytes exceeds R""]",,,,,,,,,,,
64,128,32,8192,24576,262144,False,"[""threads exceeds T"", ""register_bytes exceeds R""]",,,,,,,,,,,
64,128,128,8192,98304,262144,False,"[""threads exceeds T"", ""shared_bytes exceeds S"", ""register_bytes exceeds R""]",,,,,,,,,,,
64,128,256,8192,196608,262144,False,"[""threads exceeds T"", ""shared_bytes exceeds S"", ""register_bytes exceeds R""]",,,,,,,,,,,
